n,tiempo_segundos,operaciones
1,0,2
10,0,120
100,0,17850
1000,0.001506,2505000
10000,0.206687,350070000
100000,16.669,42500850000
1000000,14456.8,5000010000000
